fold,parameter,epoch,epoch_time,test_MAE,test_RMSE,test_Pearson,test_Spearman
0,0.1,0,0.5040478706359863,nan,nan,nan,nan
0,0.1,1,0.21395444869995117,nan,nan,nan,nan
0,0.1,2,0.2101294994354248,nan,nan,nan,nan
0,0.1,3,0.21187734603881836,nan,nan,nan,nan
0,0.1,4,0.22824430465698242,nan,nan,nan,nan
0,0.1,5,0.21252655982971191,nan,nan,nan,nan
0,0.1,6,0.23430299758911133,nan,nan,nan,nan
0,0.1,7,0.2876410484313965,nan,nan,nan,nan
0,0.1,8,0.43263697624206543,nan,nan,nan,nan
0,0.1,9,0.3122904300689697,nan,nan,nan,nan
0,0.1,10,0.3010067939758301,nan,nan,nan,nan
0,0.1,11,0.28092288970947266,nan,nan,nan,nan
0,0.1,12,0.30251002311706543,nan,nan,nan,nan
0,0.1,13,0.3173549175262451,nan,nan,nan,nan
0,0.1,14,0.2889516353607178,nan,nan,nan,nan
0,0.1,15,0.20792412757873535,nan,nan,nan,nan
0,0.1,16,0.21095561981201172,nan,nan,nan,nan
0,0.1,17,0.22558355331420898,nan,nan,nan,nan
0,0.1,18,0.2114429473876953,nan,nan,nan,nan
0,0.1,19,0.21247172355651855,nan,nan,nan,nan
0,0.1,20,0.21703624725341797,nan,nan,nan,nan
0,0.1,21,0.22856354713439941,nan,nan,nan,nan
0,0.1,22,0.3376595973968506,nan,nan,nan,nan
0,0.1,23,0.21403288841247559,nan,nan,nan,nan
0,0.1,24,0.21807646751403809,nan,nan,nan,nan
0,0.1,25,0.20857548713684082,nan,nan,nan,nan
0,0.1,26,0.21000099182128906,nan,nan,nan,nan
0,0.1,27,0.21564078330993652,nan,nan,nan,nan
0,0.1,28,0.22521281242370605,nan,nan,nan,nan
0,0.1,29,0.2130293846130371,nan,nan,nan,nan
0,0.1,30,0.209212064743042,nan,nan,nan,nan
0,0.1,31,0.21243858337402344,nan,nan,nan,nan
0,0.1,32,0.22657108306884766,nan,nan,nan,nan
0,0.1,33,0.21528244018554688,nan,nan,nan,nan
0,0.1,34,0.21286988258361816,nan,nan,nan,nan
0,0.1,35,0.21420931816101074,nan,nan,nan,nan
0,0.1,36,0.3388199806213379,nan,nan,nan,nan
0,0.1,37,0.2125682830810547,nan,nan,nan,nan
0,0.1,38,0.21080613136291504,nan,nan,nan,nan
0,0.1,39,0.2142329216003418,nan,nan,nan,nan
0,0.1,40,0.22551512718200684,nan,nan,nan,nan
0,0.1,41,0.20892691612243652,nan,nan,nan,nan
0,0.1,42,0.21205997467041016,nan,nan,nan,nan
0,0.1,43,0.2074587345123291,nan,nan,nan,nan
0,0.1,44,0.2264101505279541,nan,nan,nan,nan
0,0.1,45,0.21080875396728516,nan,nan,nan,nan
0,0.1,46,0.20938348770141602,nan,nan,nan,nan
0,0.1,47,0.2124631404876709,nan,nan,nan,nan
0,0.1,48,0.22184252738952637,nan,nan,nan,nan
0,0.1,49,0.20606160163879395,nan,nan,nan,nan
0,0.1,50,0.21122360229492188,nan,nan,nan,nan
0,0.1,51,0.23992037773132324,nan,nan,nan,nan
0,0.1,52,0.29391956329345703,nan,nan,nan,nan
0,0.1,53,0.2919607162475586,nan,nan,nan,nan
0,0.1,54,0.301196813583374,nan,nan,nan,nan
0,0.1,55,0.2868015766143799,nan,nan,nan,nan
0,0.1,56,0.2849133014678955,nan,nan,nan,nan
0,0.1,57,0.30554890632629395,nan,nan,nan,nan
0,0.1,58,0.304396390914917,nan,nan,nan,nan
0,0.1,59,0.30997514724731445,nan,nan,nan,nan
0,0.1,60,0.22197604179382324,nan,nan,nan,nan
0,0.1,61,0.21584486961364746,nan,nan,nan,nan
0,0.1,62,0.22654366493225098,nan,nan,nan,nan
0,0.1,63,0.21110868453979492,nan,nan,nan,nan
0,0.1,64,0.22544002532958984,nan,nan,nan,nan
0,0.1,65,0.21622276306152344,nan,nan,nan,nan
0,0.1,66,0.21140122413635254,nan,nan,nan,nan
0,0.1,67,0.21294355392456055,nan,nan,nan,nan
0,0.1,68,0.21741509437561035,nan,nan,nan,nan
0,0.1,69,0.21065998077392578,nan,nan,nan,nan
0,0.1,70,0.20862412452697754,nan,nan,nan,nan
0,0.1,71,0.21545958518981934,nan,nan,nan,nan
0,0.1,72,0.20861077308654785,nan,nan,nan,nan
0,0.1,73,0.20932912826538086,nan,nan,nan,nan
0,0.1,74,0.20935893058776855,nan,nan,nan,nan
0,0.1,75,0.20728325843811035,nan,nan,nan,nan
0,0.1,76,0.20689892768859863,nan,nan,nan,nan
0,0.1,77,0.21240878105163574,nan,nan,nan,nan
0,0.1,78,0.20675325393676758,nan,nan,nan,nan
0,0.1,79,0.33564162254333496,nan,nan,nan,nan
0,0.1,80,0.21625828742980957,nan,nan,nan,nan
0,0.1,81,0.21422386169433594,nan,nan,nan,nan
0,0.1,82,0.20989584922790527,nan,nan,nan,nan
0,0.1,83,0.22347140312194824,nan,nan,nan,nan
0,0.1,84,0.21663117408752441,nan,nan,nan,nan
0,0.1,85,0.2135629653930664,nan,nan,nan,nan
0,0.1,86,0.20969724655151367,nan,nan,nan,nan
0,0.1,87,0.22105741500854492,nan,nan,nan,nan
0,0.1,88,0.21154260635375977,nan,nan,nan,nan
0,0.1,89,0.20907807350158691,nan,nan,nan,nan
0,0.1,90,0.22376346588134766,nan,nan,nan,nan
0,0.1,91,0.22053980827331543,nan,nan,nan,nan
0,0.1,92,0.21463656425476074,nan,nan,nan,nan
0,0.1,93,0.33003878593444824,nan,nan,nan,nan
0,0.1,94,0.20905017852783203,nan,nan,nan,nan
0,0.1,95,0.21814537048339844,nan,nan,nan,nan
0,0.1,96,0.2066953182220459,nan,nan,nan,nan
0,0.1,97,0.3095889091491699,nan,nan,nan,nan
0,0.1,98,0.2957193851470947,nan,nan,nan,nan
0,0.1,99,0.27664828300476074,nan,nan,nan,nan
0,1,0,0.294217586517334,nan,nan,nan,nan
0,1,1,0.2907445430755615,nan,nan,nan,nan
0,1,2,0.26870083808898926,nan,nan,nan,nan
0,1,3,0.29041147232055664,nan,nan,nan,nan
0,1,4,0.334730863571167,nan,nan,nan,nan
0,1,5,0.2627708911895752,nan,nan,nan,nan
0,1,6,0.21778273582458496,nan,nan,nan,nan
0,1,7,0.33644747734069824,nan,nan,nan,nan
0,1,8,0.20873546600341797,nan,nan,nan,nan
0,1,9,0.21332287788391113,nan,nan,nan,nan
0,1,10,0.21731233596801758,nan,nan,nan,nan
0,1,11,0.22360920906066895,nan,nan,nan,nan
0,1,12,0.22066235542297363,nan,nan,nan,nan
0,1,13,0.21097397804260254,nan,nan,nan,nan
0,1,14,0.20981240272521973,nan,nan,nan,nan
0,1,15,0.22319579124450684,nan,nan,nan,nan
0,1,16,0.20796918869018555,nan,nan,nan,nan
0,1,17,0.20990777015686035,nan,nan,nan,nan
0,1,18,0.2123558521270752,nan,nan,nan,nan
0,1,19,0.22420597076416016,nan,nan,nan,nan
0,1,20,0.2099475860595703,nan,nan,nan,nan
0,1,21,0.21489763259887695,nan,nan,nan,nan
0,1,22,0.21474266052246094,nan,nan,nan,nan
0,1,23,0.22198486328125,nan,nan,nan,nan
0,1,24,0.20958304405212402,nan,nan,nan,nan
0,1,25,0.213515043258667,nan,nan,nan,nan
0,1,26,0.2171182632446289,nan,nan,nan,nan
0,1,27,0.2233905792236328,nan,nan,nan,nan
0,1,28,0.20816826820373535,nan,nan,nan,nan
0,1,29,0.2115330696105957,nan,nan,nan,nan
0,1,30,0.20828461647033691,nan,nan,nan,nan
0,1,31,0.22196006774902344,nan,nan,nan,nan
0,1,32,0.20703339576721191,nan,nan,nan,nan
0,1,33,0.20876479148864746,nan,nan,nan,nan
0,1,34,0.21159052848815918,nan,nan,nan,nan
0,1,35,0.22075176239013672,nan,nan,nan,nan
0,1,36,0.2159578800201416,nan,nan,nan,nan
0,1,37,0.20810699462890625,nan,nan,nan,nan
0,1,38,0.22236037254333496,nan,nan,nan,nan
0,1,39,0.21043109893798828,nan,nan,nan,nan
0,1,40,0.21285033226013184,nan,nan,nan,nan
0,1,41,0.2129504680633545,nan,nan,nan,nan
0,1,42,0.2482771873474121,nan,nan,nan,nan
0,1,43,0.28942108154296875,nan,nan,nan,nan
0,1,44,0.2833545207977295,nan,nan,nan,nan
0,1,45,0.3101165294647217,nan,nan,nan,nan
0,1,46,0.28171658515930176,nan,nan,nan,nan
0,1,47,0.2832167148590088,nan,nan,nan,nan
0,1,48,0.28235316276550293,nan,nan,nan,nan
0,1,49,0.3041198253631592,nan,nan,nan,nan
0,1,50,0.45209598541259766,nan,nan,nan,nan
0,1,51,0.22548341751098633,nan,nan,nan,nan
0,1,52,0.21285390853881836,nan,nan,nan,nan
0,1,53,0.20824193954467773,nan,nan,nan,nan
0,1,54,0.2061443328857422,nan,nan,nan,nan
0,1,55,0.2222003936767578,nan,nan,nan,nan
0,1,56,0.2121868133544922,nan,nan,nan,nan
0,1,57,0.20905017852783203,nan,nan,nan,nan
0,1,58,0.20856618881225586,nan,nan,nan,nan
0,1,59,0.22455358505249023,nan,nan,nan,nan
0,1,60,0.21167898178100586,nan,nan,nan,nan
0,1,61,0.21237444877624512,nan,nan,nan,nan
0,1,62,0.21265816688537598,nan,nan,nan,nan
0,1,63,0.22803306579589844,nan,nan,nan,nan
0,1,64,0.332444429397583,nan,nan,nan,nan
0,1,65,0.2072899341583252,nan,nan,nan,nan
0,1,66,0.219618558883667,nan,nan,nan,nan
0,1,67,0.217454195022583,nan,nan,nan,nan
0,1,68,0.20534658432006836,nan,nan,nan,nan
0,1,69,0.20627522468566895,nan,nan,nan,nan
0,1,70,0.2160043716430664,nan,nan,nan,nan
0,1,71,0.21363234519958496,nan,nan,nan,nan
0,1,72,0.20980286598205566,nan,nan,nan,nan
0,1,73,0.21550297737121582,nan,nan,nan,nan
0,1,74,0.2188405990600586,nan,nan,nan,nan
0,1,75,0.2155437469482422,nan,nan,nan,nan
0,1,76,0.22044849395751953,nan,nan,nan,nan
0,1,77,0.21665024757385254,nan,nan,nan,nan
0,1,78,0.3396646976470947,nan,nan,nan,nan
0,1,79,0.21440911293029785,nan,nan,nan,nan
0,1,80,0.20669984817504883,nan,nan,nan,nan
0,1,81,0.20942139625549316,nan,nan,nan,nan
0,1,82,0.22804546356201172,nan,nan,nan,nan
0,1,83,0.2124626636505127,nan,nan,nan,nan
0,1,84,0.20951128005981445,nan,nan,nan,nan
0,1,85,0.2095928192138672,nan,nan,nan,nan
0,1,86,0.22227787971496582,nan,nan,nan,nan
0,1,87,0.21053433418273926,nan,nan,nan,nan
0,1,88,0.2868485450744629,nan,nan,nan,nan
0,1,89,0.2960524559020996,nan,nan,nan,nan
0,1,90,0.27031517028808594,nan,nan,nan,nan
0,1,91,0.3020477294921875,nan,nan,nan,nan
0,1,92,0.3020191192626953,nan,nan,nan,nan
0,1,93,0.2724168300628662,nan,nan,nan,nan
0,1,94,0.295665979385376,nan,nan,nan,nan
0,1,95,0.33910107612609863,nan,nan,nan,nan
0,1,96,0.24291110038757324,nan,nan,nan,nan
0,1,97,0.21387982368469238,nan,nan,nan,nan
0,1,98,0.22443246841430664,nan,nan,nan,nan
0,1,99,0.20696210861206055,nan,nan,nan,nan
0,10,0,0.210432767868042,nan,nan,nan,nan
0,10,1,0.21367859840393066,nan,nan,nan,nan
0,10,2,0.22944188117980957,nan,nan,nan,nan
0,10,3,0.20805764198303223,nan,nan,nan,nan
0,10,4,0.2166576385498047,nan,nan,nan,nan
0,10,5,0.21819663047790527,nan,nan,nan,nan
0,10,6,0.22332286834716797,nan,nan,nan,nan
0,10,7,0.21239590644836426,nan,nan,nan,nan
0,10,8,0.20940160751342773,nan,nan,nan,nan
0,10,9,0.21317005157470703,nan,nan,nan,nan
0,10,10,0.22191858291625977,nan,nan,nan,nan
0,10,11,0.20921635627746582,nan,nan,nan,nan
0,10,12,0.21138763427734375,nan,nan,nan,nan
0,10,13,0.21088266372680664,nan,nan,nan,nan
0,10,14,0.22318148612976074,nan,nan,nan,nan
0,10,15,0.21538853645324707,nan,nan,nan,nan
0,10,16,0.21430039405822754,nan,nan,nan,nan
0,10,17,0.2137281894683838,nan,nan,nan,nan
0,10,18,0.22701287269592285,nan,nan,nan,nan
0,10,19,0.21207714080810547,nan,nan,nan,nan
0,10,20,0.2108907699584961,nan,nan,nan,nan
0,10,21,0.3458974361419678,nan,nan,nan,nan
0,10,22,0.2140178680419922,nan,nan,nan,nan
0,10,23,0.20995616912841797,nan,nan,nan,nan
0,10,24,0.21737241744995117,nan,nan,nan,nan
0,10,25,0.2225346565246582,nan,nan,nan,nan
0,10,26,0.21204257011413574,nan,nan,nan,nan
0,10,27,0.2146003246307373,nan,nan,nan,nan
0,10,28,0.21290373802185059,nan,nan,nan,nan
0,10,29,0.22228550910949707,nan,nan,nan,nan
0,10,30,0.21173405647277832,nan,nan,nan,nan
0,10,31,0.21930861473083496,nan,nan,nan,nan
0,10,32,0.21918988227844238,nan,nan,nan,nan
0,10,33,0.2311701774597168,nan,nan,nan,nan
0,10,34,0.30201220512390137,nan,nan,nan,nan
0,10,35,0.42043113708496094,nan,nan,nan,nan
0,10,36,0.3182244300842285,nan,nan,nan,nan
0,10,37,0.28730106353759766,nan,nan,nan,nan
0,10,38,0.2960681915283203,nan,nan,nan,nan
0,10,39,0.2881784439086914,nan,nan,nan,nan
0,10,40,0.3092951774597168,nan,nan,nan,nan
0,10,41,0.3092927932739258,nan,nan,nan,nan
0,10,42,0.2253403663635254,nan,nan,nan,nan
0,10,43,0.20935773849487305,nan,nan,nan,nan
0,10,44,0.20762014389038086,nan,nan,nan,nan
0,10,45,0.21549558639526367,nan,nan,nan,nan
0,10,46,0.2311108112335205,nan,nan,nan,nan
0,10,47,0.21330595016479492,nan,nan,nan,nan
0,10,48,0.21065330505371094,nan,nan,nan,nan
0,10,49,0.3356170654296875,nan,nan,nan,nan
0,10,50,0.20876026153564453,nan,nan,nan,nan
0,10,51,0.21083426475524902,nan,nan,nan,nan
0,10,52,0.21274852752685547,nan,nan,nan,nan
0,10,53,0.22281742095947266,nan,nan,nan,nan
0,10,54,0.20879912376403809,nan,nan,nan,nan
0,10,55,0.21366381645202637,nan,nan,nan,nan
0,10,56,0.20877623558044434,nan,nan,nan,nan
0,10,57,0.22927331924438477,nan,nan,nan,nan
0,10,58,0.20807313919067383,nan,nan,nan,nan
0,10,59,0.21198177337646484,nan,nan,nan,nan
0,10,60,0.20998167991638184,nan,nan,nan,nan
0,10,61,0.22615933418273926,nan,nan,nan,nan
0,10,62,0.20800018310546875,nan,nan,nan,nan
0,10,63,0.20875954627990723,nan,nan,nan,nan
0,10,64,0.21516656875610352,nan,nan,nan,nan
0,10,65,0.23169302940368652,nan,nan,nan,nan
0,10,66,0.21491289138793945,nan,nan,nan,nan
0,10,67,0.21370148658752441,nan,nan,nan,nan
0,10,68,0.21175599098205566,nan,nan,nan,nan
0,10,69,0.21674823760986328,nan,nan,nan,nan
0,10,70,0.21341538429260254,nan,nan,nan,nan
0,10,71,0.2110140323638916,nan,nan,nan,nan
0,10,72,0.21499180793762207,nan,nan,nan,nan
0,10,73,0.2178666591644287,nan,nan,nan,nan
0,10,74,0.21817493438720703,nan,nan,nan,nan
0,10,75,0.21186494827270508,nan,nan,nan,nan
0,10,76,0.2189178466796875,nan,nan,nan,nan
0,10,77,0.21123051643371582,nan,nan,nan,nan
0,10,78,0.2203845977783203,nan,nan,nan,nan
0,10,79,0.3011057376861572,nan,nan,nan,nan
0,10,80,0.2961997985839844,nan,nan,nan,nan
0,10,81,0.28606081008911133,nan,nan,nan,nan
0,10,82,0.29553818702697754,nan,nan,nan,nan
0,10,83,0.2868831157684326,nan,nan,nan,nan
0,10,84,0.2723214626312256,nan,nan,nan,nan
0,10,85,0.2989335060119629,nan,nan,nan,nan
0,10,86,0.3184394836425781,nan,nan,nan,nan
0,10,87,0.23851609230041504,nan,nan,nan,nan
0,10,88,0.21148014068603516,nan,nan,nan,nan
0,10,89,0.22870755195617676,nan,nan,nan,nan
0,10,90,0.20718717575073242,nan,nan,nan,nan
0,10,91,0.21014618873596191,nan,nan,nan,nan
0,10,92,0.32767748832702637,nan,nan,nan,nan
0,10,93,0.21542072296142578,nan,nan,nan,nan
0,10,94,0.21335411071777344,nan,nan,nan,nan
0,10,95,0.20686578750610352,nan,nan,nan,nan
0,10,96,0.20853614807128906,nan,nan,nan,nan
0,10,97,0.20983314514160156,nan,nan,nan,nan
0,10,98,0.2115345001220703,nan,nan,nan,nan
0,10,99,0.21080374717712402,nan,nan,nan,nan
1,0.1,0,0.21187925338745117,nan,nan,nan,nan
1,0.1,1,0.20929169654846191,nan,nan,nan,nan
1,0.1,2,0.22115063667297363,nan,nan,nan,nan
1,0.1,3,0.21716952323913574,nan,nan,nan,nan
1,0.1,4,0.2211894989013672,nan,nan,nan,nan
1,0.1,5,0.21251654624938965,nan,nan,nan,nan
1,0.1,6,0.3427872657775879,nan,nan,nan,nan
1,0.1,7,0.22032403945922852,nan,nan,nan,nan
1,0.1,8,0.22659897804260254,nan,nan,nan,nan
1,0.1,9,0.21339058876037598,nan,nan,nan,nan
1,0.1,10,0.2162022590637207,nan,nan,nan,nan
1,0.1,11,0.21697354316711426,nan,nan,nan,nan
1,0.1,12,0.23024606704711914,nan,nan,nan,nan
1,0.1,13,0.22281503677368164,nan,nan,nan,nan
1,0.1,14,0.21449613571166992,nan,nan,nan,nan
1,0.1,15,0.21164870262145996,nan,nan,nan,nan
1,0.1,16,0.22119927406311035,nan,nan,nan,nan
1,0.1,17,0.2101731300354004,nan,nan,nan,nan
1,0.1,18,0.21672415733337402,nan,nan,nan,nan
1,0.1,19,0.21340680122375488,nan,nan,nan,nan
1,0.1,20,0.3500857353210449,nan,nan,nan,nan
1,0.1,21,0.21921586990356445,nan,nan,nan,nan
1,0.1,22,0.21324396133422852,nan,nan,nan,nan
1,0.1,23,0.2239089012145996,nan,nan,nan,nan
1,0.1,24,0.3121175765991211,nan,nan,nan,nan
1,0.1,25,0.2888765335083008,nan,nan,nan,nan
1,0.1,26,0.2891731262207031,nan,nan,nan,nan
1,0.1,27,0.305570125579834,nan,nan,nan,nan
1,0.1,28,0.28316307067871094,nan,nan,nan,nan
1,0.1,29,0.28978872299194336,nan,nan,nan,nan
1,0.1,30,0.2783944606781006,nan,nan,nan,nan
1,0.1,31,0.3097352981567383,nan,nan,nan,nan
1,0.1,32,0.2977418899536133,nan,nan,nan,nan
1,0.1,33,0.2206287384033203,nan,nan,nan,nan
1,0.1,34,0.33975791931152344,nan,nan,nan,nan
1,0.1,35,0.24103403091430664,nan,nan,nan,nan
1,0.1,36,0.21729564666748047,nan,nan,nan,nan
1,0.1,37,0.21405887603759766,nan,nan,nan,nan
1,0.1,38,0.21793437004089355,nan,nan,nan,nan
1,0.1,39,0.2319779396057129,nan,nan,nan,nan
1,0.1,40,0.22069358825683594,nan,nan,nan,nan
1,0.1,41,0.21427464485168457,nan,nan,nan,nan
1,0.1,42,0.21147680282592773,nan,nan,nan,nan
1,0.1,43,0.22806406021118164,nan,nan,nan,nan
1,0.1,44,0.21341991424560547,nan,nan,nan,nan
1,0.1,45,0.2133338451385498,nan,nan,nan,nan
1,0.1,46,0.21192598342895508,nan,nan,nan,nan
1,0.1,47,0.23119378089904785,nan,nan,nan,nan
1,0.1,48,0.21616673469543457,nan,nan,nan,nan
1,0.1,49,0.21791791915893555,nan,nan,nan,nan
1,0.1,50,0.2207186222076416,nan,nan,nan,nan
1,0.1,51,0.22066569328308105,nan,nan,nan,nan
1,0.1,52,0.2268083095550537,nan,nan,nan,nan
1,0.1,53,0.2126762866973877,nan,nan,nan,nan
1,0.1,54,0.2202138900756836,nan,nan,nan,nan
1,0.1,55,0.22329115867614746,nan,nan,nan,nan
1,0.1,56,0.21061277389526367,nan,nan,nan,nan
1,0.1,57,0.21243619918823242,nan,nan,nan,nan
1,0.1,58,0.2221674919128418,nan,nan,nan,nan
1,0.1,59,0.21194696426391602,nan,nan,nan,nan
1,0.1,60,0.21233439445495605,nan,nan,nan,nan
1,0.1,61,0.21127057075500488,nan,nan,nan,nan
1,0.1,62,0.22009873390197754,nan,nan,nan,nan
1,0.1,63,0.21384835243225098,nan,nan,nan,nan
1,0.1,64,0.20996952056884766,nan,nan,nan,nan
1,0.1,65,0.2161698341369629,nan,nan,nan,nan
1,0.1,66,0.21826672554016113,nan,nan,nan,nan
1,0.1,67,0.21070432662963867,nan,nan,nan,nan
1,0.1,68,0.2052011489868164,nan,nan,nan,nan
1,0.1,69,0.2849729061126709,nan,nan,nan,nan
1,0.1,70,0.29338860511779785,nan,nan,nan,nan
1,0.1,71,0.28072214126586914,nan,nan,nan,nan
1,0.1,72,0.31796789169311523,nan,nan,nan,nan
1,0.1,73,0.2867264747619629,nan,nan,nan,nan
1,0.1,74,0.2784254550933838,nan,nan,nan,nan
1,0.1,75,0.29287219047546387,nan,nan,nan,nan
1,0.1,76,0.31731581687927246,nan,nan,nan,nan
1,0.1,77,0.39069175720214844,nan,nan,nan,nan
1,0.1,78,0.2355968952178955,nan,nan,nan,nan
1,0.1,79,0.2130422592163086,nan,nan,nan,nan
1,0.1,80,0.2108292579650879,nan,nan,nan,nan
1,0.1,81,0.2094428539276123,nan,nan,nan,nan
1,0.1,82,0.23522233963012695,nan,nan,nan,nan
1,0.1,83,0.2167222499847412,nan,nan,nan,nan
1,0.1,84,0.21061444282531738,nan,nan,nan,nan
1,0.1,85,0.2239694595336914,nan,nan,nan,nan
1,0.1,86,0.22749018669128418,nan,nan,nan,nan
1,0.1,87,0.2125859260559082,nan,nan,nan,nan
1,0.1,88,0.21530818939208984,nan,nan,nan,nan
1,0.1,89,0.20904850959777832,nan,nan,nan,nan
1,0.1,90,0.2278883457183838,nan,nan,nan,nan
1,0.1,91,0.3281722068786621,nan,nan,nan,nan
1,0.1,92,0.21390247344970703,nan,nan,nan,nan
1,0.1,93,0.21251630783081055,nan,nan,nan,nan
1,0.1,94,0.21308541297912598,nan,nan,nan,nan
1,0.1,95,0.21583104133605957,nan,nan,nan,nan
1,0.1,96,0.21314430236816406,nan,nan,nan,nan
1,0.1,97,0.20770859718322754,nan,nan,nan,nan
1,0.1,98,0.21159815788269043,nan,nan,nan,nan
1,0.1,99,0.2164781093597412,nan,nan,nan,nan
1,1,0,0.21319127082824707,nan,nan,nan,nan
1,1,1,0.20553326606750488,nan,nan,nan,nan
1,1,2,0.2078874111175537,nan,nan,nan,nan
1,1,3,0.2112264633178711,nan,nan,nan,nan
1,1,4,0.21267223358154297,nan,nan,nan,nan
1,1,5,0.33244872093200684,nan,nan,nan,nan
1,1,6,0.21002745628356934,nan,nan,nan,nan
1,1,7,0.208357572555542,nan,nan,nan,nan
1,1,8,0.211775541305542,nan,nan,nan,nan
1,1,9,0.22878360748291016,nan,nan,nan,nan
1,1,10,0.20747900009155273,nan,nan,nan,nan
1,1,11,0.2130594253540039,nan,nan,nan,nan
1,1,12,0.21247529983520508,nan,nan,nan,nan
1,1,13,0.22204089164733887,nan,nan,nan,nan
1,1,14,0.2310018539428711,nan,nan,nan,nan
1,1,15,0.29044175148010254,nan,nan,nan,nan
1,1,16,0.2922797203063965,nan,nan,nan,nan
1,1,17,0.2903275489807129,nan,nan,nan,nan
1,1,18,0.2906510829925537,nan,nan,nan,nan
1,1,19,0.28867006301879883,nan,nan,nan,nan
1,1,20,0.28261685371398926,nan,nan,nan,nan
1,1,21,0.31414079666137695,nan,nan,nan,nan
1,1,22,0.3174781799316406,nan,nan,nan,nan
1,1,23,0.21451568603515625,nan,nan,nan,nan
1,1,24,0.20602726936340332,nan,nan,nan,nan
1,1,25,0.20937466621398926,nan,nan,nan,nan
1,1,26,0.22869324684143066,nan,nan,nan,nan
1,1,27,0.20733428001403809,nan,nan,nan,nan
1,1,28,0.20441269874572754,nan,nan,nan,nan
1,1,29,0.20873022079467773,nan,nan,nan,nan
1,1,30,0.22329950332641602,nan,nan,nan,nan
1,1,31,0.20907926559448242,nan,nan,nan,nan
1,1,32,0.21114063262939453,nan,nan,nan,nan
1,1,33,0.2174224853515625,nan,nan,nan,nan
1,1,34,0.21088433265686035,nan,nan,nan,nan
1,1,35,0.20911026000976562,nan,nan,nan,nan
1,1,36,0.2084977626800537,nan,nan,nan,nan
1,1,37,0.2213912010192871,nan,nan,nan,nan
1,1,38,0.21572232246398926,nan,nan,nan,nan
1,1,39,0.20910859107971191,nan,nan,nan,nan
1,1,40,0.20748066902160645,nan,nan,nan,nan
1,1,41,0.22677016258239746,nan,nan,nan,nan
1,1,42,0.21424412727355957,nan,nan,nan,nan
1,1,43,0.2062995433807373,nan,nan,nan,nan
1,1,44,0.2091214656829834,nan,nan,nan,nan
1,1,45,0.22678685188293457,nan,nan,nan,nan
1,1,46,0.20740413665771484,nan,nan,nan,nan
1,1,47,0.20904111862182617,nan,nan,nan,nan
1,1,48,0.3332042694091797,nan,nan,nan,nan
1,1,49,0.22034931182861328,nan,nan,nan,nan
1,1,50,0.20809102058410645,nan,nan,nan,nan
1,1,51,0.21100831031799316,nan,nan,nan,nan
1,1,52,0.21658730506896973,nan,nan,nan,nan
1,1,53,0.2243819236755371,nan,nan,nan,nan
1,1,54,0.210357666015625,nan,nan,nan,nan
1,1,55,0.2164764404296875,nan,nan,nan,nan
1,1,56,0.21130895614624023,nan,nan,nan,nan
1,1,57,0.2246084213256836,nan,nan,nan,nan
1,1,58,0.20720767974853516,nan,nan,nan,nan
1,1,59,0.20709633827209473,nan,nan,nan,nan
1,1,60,0.24889922142028809,nan,nan,nan,nan
1,1,61,0.2859327793121338,nan,nan,nan,nan
1,1,62,0.4184091091156006,nan,nan,nan,nan
1,1,63,0.3189215660095215,nan,nan,nan,nan
1,1,64,0.27971434593200684,nan,nan,nan,nan
1,1,65,0.27996253967285156,nan,nan,nan,nan
1,1,66,0.2907252311706543,nan,nan,nan,nan
1,1,67,0.30884575843811035,nan,nan,nan,nan
1,1,68,0.28444981575012207,nan,nan,nan,nan
1,1,69,0.21333599090576172,nan,nan,nan,nan
1,1,70,0.20682334899902344,nan,nan,nan,nan
1,1,71,0.20938515663146973,nan,nan,nan,nan
1,1,72,0.20950841903686523,nan,nan,nan,nan
1,1,73,0.22650527954101562,nan,nan,nan,nan
1,1,74,0.2088780403137207,nan,nan,nan,nan
1,1,75,0.20691943168640137,nan,nan,nan,nan
1,1,76,0.33152031898498535,nan,nan,nan,nan
1,1,77,0.22345995903015137,nan,nan,nan,nan
1,1,78,0.21229052543640137,nan,nan,nan,nan
1,1,79,0.2069234848022461,nan,nan,nan,nan
1,1,80,0.2117447853088379,nan,nan,nan,nan
1,1,81,0.24819660186767578,nan,nan,nan,nan
1,1,82,0.21024012565612793,nan,nan,nan,nan
1,1,83,0.2106034755706787,nan,nan,nan,nan
1,1,84,0.20874309539794922,nan,nan,nan,nan
1,1,85,0.22217249870300293,nan,nan,nan,nan
1,1,86,0.2058703899383545,nan,nan,nan,nan
1,1,87,0.20665740966796875,nan,nan,nan,nan
1,1,88,0.20855283737182617,nan,nan,nan,nan
1,1,89,0.22171235084533691,nan,nan,nan,nan
1,1,90,0.33815836906433105,nan,nan,nan,nan
1,1,91,0.2110457420349121,nan,nan,nan,nan
1,1,92,0.21304917335510254,nan,nan,nan,nan
1,1,93,0.2105708122253418,nan,nan,nan,nan
1,1,94,0.21723270416259766,nan,nan,nan,nan
1,1,95,0.20769906044006348,nan,nan,nan,nan
1,1,96,0.21898818016052246,nan,nan,nan,nan
1,1,97,0.21070599555969238,nan,nan,nan,nan
1,1,98,0.20624685287475586,nan,nan,nan,nan
1,1,99,0.206406831741333,nan,nan,nan,nan
1,10,0,0.2147655487060547,nan,nan,nan,nan
1,10,1,0.20866990089416504,nan,nan,nan,nan
1,10,2,0.20999956130981445,nan,nan,nan,nan
1,10,3,0.21240520477294922,nan,nan,nan,nan
1,10,4,0.21603941917419434,nan,nan,nan,nan
1,10,5,0.22702622413635254,nan,nan,nan,nan
1,10,6,0.293917179107666,nan,nan,nan,nan
1,10,7,0.2859840393066406,nan,nan,nan,nan
1,10,8,0.2894761562347412,nan,nan,nan,nan
1,10,9,0.291841983795166,nan,nan,nan,nan
1,10,10,0.2947990894317627,nan,nan,nan,nan
1,10,11,0.2811276912689209,nan,nan,nan,nan
1,10,12,0.2996847629547119,nan,nan,nan,nan
1,10,13,0.32724881172180176,nan,nan,nan,nan
1,10,14,0.23748135566711426,nan,nan,nan,nan
1,10,15,0.2087419033050537,nan,nan,nan,nan
1,10,16,0.20907235145568848,nan,nan,nan,nan
1,10,17,0.2296619415283203,nan,nan,nan,nan
1,10,18,0.21297311782836914,nan,nan,nan,nan
1,10,19,0.3282325267791748,nan,nan,nan,nan
1,10,20,0.20929193496704102,nan,nan,nan,nan
1,10,21,0.21239447593688965,nan,nan,nan,nan
1,10,22,0.20905661582946777,nan,nan,nan,nan
1,10,23,0.20880556106567383,nan,nan,nan,nan
1,10,24,0.20901155471801758,nan,nan,nan,nan
1,10,25,0.2146925926208496,nan,nan,nan,nan
1,10,26,0.21079730987548828,nan,nan,nan,nan
1,10,27,0.20820975303649902,nan,nan,nan,nan
1,10,28,0.21113252639770508,nan,nan,nan,nan
1,10,29,0.21403956413269043,nan,nan,nan,nan
1,10,30,0.2097339630126953,nan,nan,nan,nan
1,10,31,0.21029257774353027,nan,nan,nan,nan
1,10,32,0.2139415740966797,nan,nan,nan,nan
1,10,33,0.3394782543182373,nan,nan,nan,nan
1,10,34,0.21209073066711426,nan,nan,nan,nan
1,10,35,0.20881891250610352,nan,nan,nan,nan
1,10,36,0.22421717643737793,nan,nan,nan,nan
1,10,37,0.2145674228668213,nan,nan,nan,nan
1,10,38,0.21214866638183594,nan,nan,nan,nan
1,10,39,0.20912504196166992,nan,nan,nan,nan
1,10,40,0.22258210182189941,nan,nan,nan,nan
1,10,41,0.20824146270751953,nan,nan,nan,nan
1,10,42,0.21585345268249512,nan,nan,nan,nan
1,10,43,0.2133481502532959,nan,nan,nan,nan
1,10,44,0.2326793670654297,nan,nan,nan,nan
1,10,45,0.216963529586792,nan,nan,nan,nan
1,10,46,0.2107090950012207,nan,nan,nan,nan
1,10,47,0.3533351421356201,nan,nan,nan,nan
1,10,48,0.21194720268249512,nan,nan,nan,nan
1,10,49,0.2138826847076416,nan,nan,nan,nan
1,10,50,0.2179100513458252,nan,nan,nan,nan
1,10,51,0.3040885925292969,nan,nan,nan,nan
1,10,52,0.28363490104675293,nan,nan,nan,nan
1,10,53,0.2819099426269531,nan,nan,nan,nan
1,10,54,0.32302141189575195,nan,nan,nan,nan
1,10,55,0.2857847213745117,nan,nan,nan,nan
1,10,56,0.2807803153991699,nan,nan,nan,nan
1,10,57,0.28200769424438477,nan,nan,nan,nan
1,10,58,0.3217291831970215,nan,nan,nan,nan
1,10,59,0.3062930107116699,nan,nan,nan,nan
1,10,60,0.2358715534210205,nan,nan,nan,nan
1,10,61,0.33416223526000977,nan,nan,nan,nan
1,10,62,0.2184157371520996,nan,nan,nan,nan
1,10,63,0.20965266227722168,nan,nan,nan,nan
1,10,64,0.20880842208862305,nan,nan,nan,nan
1,10,65,0.2104337215423584,nan,nan,nan,nan
1,10,66,0.21526312828063965,nan,nan,nan,nan
1,10,67,0.2139124870300293,nan,nan,nan,nan
1,10,68,0.20938968658447266,nan,nan,nan,nan
1,10,69,0.21146035194396973,nan,nan,nan,nan
1,10,70,0.21567296981811523,nan,nan,nan,nan
1,10,71,0.2057631015777588,nan,nan,nan,nan
1,10,72,0.20731592178344727,nan,nan,nan,nan
1,10,73,0.2120532989501953,nan,nan,nan,nan
1,10,74,0.2169511318206787,nan,nan,nan,nan
1,10,75,0.2077343463897705,nan,nan,nan,nan
1,10,76,0.21612238883972168,nan,nan,nan,nan
1,10,77,0.21734189987182617,nan,nan,nan,nan
1,10,78,0.21403765678405762,nan,nan,nan,nan
1,10,79,0.22472500801086426,nan,nan,nan,nan
1,10,80,0.22006011009216309,nan,nan,nan,nan
1,10,81,0.21583032608032227,nan,nan,nan,nan
1,10,82,0.21132302284240723,nan,nan,nan,nan
1,10,83,0.228132963180542,nan,nan,nan,nan
1,10,84,0.21581172943115234,nan,nan,nan,nan
1,10,85,0.21388530731201172,nan,nan,nan,nan
1,10,86,0.216933012008667,nan,nan,nan,nan
1,10,87,0.2511463165283203,nan,nan,nan,nan
1,10,88,0.2124025821685791,nan,nan,nan,nan
1,10,89,0.20855402946472168,nan,nan,nan,nan
1,10,90,0.3439056873321533,nan,nan,nan,nan
1,10,91,0.21583819389343262,nan,nan,nan,nan
1,10,92,0.21254587173461914,nan,nan,nan,nan
1,10,93,0.21498513221740723,nan,nan,nan,nan
1,10,94,0.23122787475585938,nan,nan,nan,nan
1,10,95,0.21422457695007324,nan,nan,nan,nan
1,10,96,0.2775542736053467,nan,nan,nan,nan
1,10,97,0.2866244316101074,nan,nan,nan,nan
1,10,98,0.2852606773376465,nan,nan,nan,nan
1,10,99,0.3066840171813965,nan,nan,nan,nan
2,0.1,0,0.28568434715270996,nan,nan,nan,nan
2,0.1,1,0.2935760021209717,nan,nan,nan,nan
2,0.1,2,0.2759058475494385,nan,nan,nan,nan
2,0.1,3,0.3156571388244629,nan,nan,nan,nan
2,0.1,4,0.42792391777038574,nan,nan,nan,nan
2,0.1,5,0.20677709579467773,nan,nan,nan,nan
2,0.1,6,0.2111983299255371,nan,nan,nan,nan
2,0.1,7,0.2285470962524414,nan,nan,nan,nan
2,0.1,8,0.20972967147827148,nan,nan,nan,nan
2,0.1,9,0.20550203323364258,nan,nan,nan,nan
2,0.1,10,0.21173381805419922,nan,nan,nan,nan
2,0.1,11,0.22773289680480957,nan,nan,nan,nan
2,0.1,12,0.21206307411193848,nan,nan,nan,nan
2,0.1,13,0.2067735195159912,nan,nan,nan,nan
2,0.1,14,0.22727131843566895,nan,nan,nan,nan
2,0.1,15,0.22878599166870117,nan,nan,nan,nan
2,0.1,16,0.21386098861694336,nan,nan,nan,nan
2,0.1,17,0.206712007522583,nan,nan,nan,nan
2,0.1,18,0.3457801342010498,nan,nan,nan,nan
2,0.1,19,0.2104184627532959,nan,nan,nan,nan
2,0.1,20,0.2122364044189453,nan,nan,nan,nan
2,0.1,21,0.21091318130493164,nan,nan,nan,nan
2,0.1,22,0.23317813873291016,nan,nan,nan,nan
2,0.1,23,0.20967864990234375,nan,nan,nan,nan
2,0.1,24,0.21216964721679688,nan,nan,nan,nan
2,0.1,25,0.21295809745788574,nan,nan,nan,nan
2,0.1,26,0.22337937355041504,nan,nan,nan,nan
2,0.1,27,0.21077871322631836,nan,nan,nan,nan
2,0.1,28,0.21059608459472656,nan,nan,nan,nan
2,0.1,29,0.2099909782409668,nan,nan,nan,nan
2,0.1,30,0.2205369472503662,nan,nan,nan,nan
2,0.1,31,0.206953763961792,nan,nan,nan,nan
2,0.1,32,0.3364217281341553,nan,nan,nan,nan
2,0.1,33,0.2171916961669922,nan,nan,nan,nan
2,0.1,34,0.22443246841430664,nan,nan,nan,nan
2,0.1,35,0.20685362815856934,nan,nan,nan,nan
2,0.1,36,0.21012043952941895,nan,nan,nan,nan
2,0.1,37,0.21711516380310059,nan,nan,nan,nan
2,0.1,38,0.22536325454711914,nan,nan,nan,nan
2,0.1,39,0.20660161972045898,nan,nan,nan,nan
2,0.1,40,0.21490097045898438,nan,nan,nan,nan
2,0.1,41,0.2137129306793213,nan,nan,nan,nan
2,0.1,42,0.32979393005371094,nan,nan,nan,nan
2,0.1,43,0.2885596752166748,nan,nan,nan,nan
2,0.1,44,0.27263879776000977,nan,nan,nan,nan
2,0.1,45,0.3063077926635742,nan,nan,nan,nan
2,0.1,46,0.28809332847595215,nan,nan,nan,nan
2,0.1,47,0.2805204391479492,nan,nan,nan,nan
2,0.1,48,0.31202125549316406,nan,nan,nan,nan
2,0.1,49,0.33635997772216797,nan,nan,nan,nan
2,0.1,50,0.2222590446472168,nan,nan,nan,nan
2,0.1,51,0.20523500442504883,nan,nan,nan,nan
2,0.1,52,0.20956897735595703,nan,nan,nan,nan
2,0.1,53,0.21430230140686035,nan,nan,nan,nan
2,0.1,54,0.22035789489746094,nan,nan,nan,nan
2,0.1,55,0.2086625099182129,nan,nan,nan,nan
2,0.1,56,0.21679115295410156,nan,nan,nan,nan
2,0.1,57,0.2116565704345703,nan,nan,nan,nan
2,0.1,58,0.21701622009277344,nan,nan,nan,nan
2,0.1,59,0.2115161418914795,nan,nan,nan,nan
2,0.1,60,0.21977710723876953,nan,nan,nan,nan
2,0.1,61,0.3333606719970703,nan,nan,nan,nan
2,0.1,62,0.2405714988708496,nan,nan,nan,nan
2,0.1,63,0.2175886631011963,nan,nan,nan,nan
2,0.1,64,0.21154451370239258,nan,nan,nan,nan
2,0.1,65,0.21110248565673828,nan,nan,nan,nan
2,0.1,66,0.20943212509155273,nan,nan,nan,nan
2,0.1,67,0.21488666534423828,nan,nan,nan,nan
2,0.1,68,0.20743155479431152,nan,nan,nan,nan
2,0.1,69,0.213897705078125,nan,nan,nan,nan
2,0.1,70,0.2118821144104004,nan,nan,nan,nan
2,0.1,71,0.21008872985839844,nan,nan,nan,nan
2,0.1,72,0.20863127708435059,nan,nan,nan,nan
2,0.1,73,0.22688794136047363,nan,nan,nan,nan
2,0.1,74,0.2133650779724121,nan,nan,nan,nan
2,0.1,75,0.33228015899658203,nan,nan,nan,nan
2,0.1,76,0.2137749195098877,nan,nan,nan,nan
2,0.1,77,0.21983885765075684,nan,nan,nan,nan
2,0.1,78,0.21412897109985352,nan,nan,nan,nan
2,0.1,79,0.21070528030395508,nan,nan,nan,nan
2,0.1,80,0.2089252471923828,nan,nan,nan,nan
2,0.1,81,0.22370028495788574,nan,nan,nan,nan
2,0.1,82,0.21451783180236816,nan,nan,nan,nan
2,0.1,83,0.21220803260803223,nan,nan,nan,nan
2,0.1,84,0.22122883796691895,nan,nan,nan,nan
2,0.1,85,0.23155665397644043,nan,nan,nan,nan
2,0.1,86,0.21176624298095703,nan,nan,nan,nan
2,0.1,87,0.2809295654296875,nan,nan,nan,nan
2,0.1,88,0.30465221405029297,nan,nan,nan,nan
2,0.1,89,0.4472520351409912,nan,nan,nan,nan
2,0.1,90,0.3024275302886963,nan,nan,nan,nan
2,0.1,91,0.3138289451599121,nan,nan,nan,nan
2,0.1,92,0.2750234603881836,nan,nan,nan,nan
2,0.1,93,0.2960939407348633,nan,nan,nan,nan
2,0.1,94,0.32314062118530273,nan,nan,nan,nan
2,0.1,95,0.259929895401001,nan,nan,nan,nan
2,0.1,96,0.21105384826660156,nan,nan,nan,nan
2,0.1,97,0.2351236343383789,nan,nan,nan,nan
2,0.1,98,0.20998907089233398,nan,nan,nan,nan
2,0.1,99,0.20998883247375488,nan,nan,nan,nan
2,1,0,0.21100449562072754,nan,nan,nan,nan
2,1,1,0.23087763786315918,nan,nan,nan,nan
2,1,2,0.20984435081481934,nan,nan,nan,nan
2,1,3,0.3244166374206543,nan,nan,nan,nan
2,1,4,0.21711993217468262,nan,nan,nan,nan
2,1,5,0.211395263671875,nan,nan,nan,nan
2,1,6,0.20920896530151367,nan,nan,nan,nan
2,1,7,0.2116684913635254,nan,nan,nan,nan
2,1,8,0.21561074256896973,nan,nan,nan,nan
2,1,9,0.21287298202514648,nan,nan,nan,nan
2,1,10,0.2047865390777588,nan,nan,nan,nan
2,1,11,0.2063302993774414,nan,nan,nan,nan
2,1,12,0.21596598625183105,nan,nan,nan,nan
2,1,13,0.21133804321289062,nan,nan,nan,nan
2,1,14,0.2116086483001709,nan,nan,nan,nan
2,1,15,0.20720791816711426,nan,nan,nan,nan
2,1,16,0.2081906795501709,nan,nan,nan,nan
2,1,17,0.213515043258667,nan,nan,nan,nan
2,1,18,0.20680618286132812,nan,nan,nan,nan
2,1,19,0.21385788917541504,nan,nan,nan,nan
2,1,20,0.21875810623168945,nan,nan,nan,nan
2,1,21,0.20626163482666016,nan,nan,nan,nan
2,1,22,0.20777297019958496,nan,nan,nan,nan
2,1,23,0.21599793434143066,nan,nan,nan,nan
2,1,24,0.22119927406311035,nan,nan,nan,nan
2,1,25,0.21207642555236816,nan,nan,nan,nan
2,1,26,0.2110893726348877,nan,nan,nan,nan
2,1,27,0.21078276634216309,nan,nan,nan,nan
2,1,28,0.2297194004058838,nan,nan,nan,nan
2,1,29,0.20758295059204102,nan,nan,nan,nan
2,1,30,0.212005615234375,nan,nan,nan,nan
2,1,31,0.2219250202178955,nan,nan,nan,nan
2,1,32,0.24416041374206543,nan,nan,nan,nan
2,1,33,0.2860841751098633,nan,nan,nan,nan
2,1,34,0.2870669364929199,nan,nan,nan,nan
2,1,35,0.3066294193267822,nan,nan,nan,nan
2,1,36,0.2848536968231201,nan,nan,nan,nan
2,1,37,0.29029107093811035,nan,nan,nan,nan
2,1,38,0.27873706817626953,nan,nan,nan,nan
2,1,39,0.30202484130859375,nan,nan,nan,nan
2,1,40,0.33825016021728516,nan,nan,nan,nan
2,1,41,0.22828030586242676,nan,nan,nan,nan
2,1,42,0.2077770233154297,nan,nan,nan,nan
2,1,43,0.21385884284973145,nan,nan,nan,nan
2,1,44,0.22219347953796387,nan,nan,nan,nan
2,1,45,0.21042180061340332,nan,nan,nan,nan
2,1,46,0.33116769790649414,nan,nan,nan,nan
2,1,47,0.20567035675048828,nan,nan,nan,nan
2,1,48,0.2232062816619873,nan,nan,nan,nan
2,1,49,0.21083283424377441,nan,nan,nan,nan
2,1,50,0.2155437469482422,nan,nan,nan,nan
2,1,51,0.20688676834106445,nan,nan,nan,nan
2,1,52,0.21730756759643555,nan,nan,nan,nan
2,1,53,0.20795726776123047,nan,nan,nan,nan
2,1,54,0.23038697242736816,nan,nan,nan,nan
2,1,55,0.2186892032623291,nan,nan,nan,nan
2,1,56,0.2313685417175293,nan,nan,nan,nan
2,1,57,0.21233463287353516,nan,nan,nan,nan
2,1,58,0.21001911163330078,nan,nan,nan,nan
2,1,59,0.21640872955322266,nan,nan,nan,nan
2,1,60,0.3399057388305664,nan,nan,nan,nan
2,1,61,0.21683812141418457,nan,nan,nan,nan
2,1,62,0.21221709251403809,nan,nan,nan,nan
2,1,63,0.23058176040649414,nan,nan,nan,nan
2,1,64,0.2180335521697998,nan,nan,nan,nan
2,1,65,0.21348023414611816,nan,nan,nan,nan
2,1,66,0.2134702205657959,nan,nan,nan,nan
2,1,67,0.22361087799072266,nan,nan,nan,nan
2,1,68,0.2060558795928955,nan,nan,nan,nan
2,1,69,0.21686077117919922,nan,nan,nan,nan
2,1,70,0.21331262588500977,nan,nan,nan,nan
2,1,71,0.21493911743164062,nan,nan,nan,nan
2,1,72,0.21350455284118652,nan,nan,nan,nan
2,1,73,0.2160501480102539,nan,nan,nan,nan
2,1,74,0.33107566833496094,nan,nan,nan,nan
2,1,75,0.21697664260864258,nan,nan,nan,nan
2,1,76,0.20957231521606445,nan,nan,nan,nan
2,1,77,0.20969414710998535,nan,nan,nan,nan
2,1,78,0.2881927490234375,nan,nan,nan,nan
2,1,79,0.2943763732910156,nan,nan,nan,nan
2,1,80,0.28055524826049805,nan,nan,nan,nan
2,1,81,0.3136250972747803,nan,nan,nan,nan
2,1,82,0.29595398902893066,nan,nan,nan,nan
2,1,83,0.28261566162109375,nan,nan,nan,nan
2,1,84,0.28402113914489746,nan,nan,nan,nan
2,1,85,0.31565284729003906,nan,nan,nan,nan
2,1,86,0.3103656768798828,nan,nan,nan,nan
2,1,87,0.21632814407348633,nan,nan,nan,nan
2,1,88,0.206740140914917,nan,nan,nan,nan
2,1,89,0.21127867698669434,nan,nan,nan,nan
2,1,90,0.20844030380249023,nan,nan,nan,nan
2,1,91,0.21947693824768066,nan,nan,nan,nan
2,1,92,0.212449312210083,nan,nan,nan,nan
2,1,93,0.2118384838104248,nan,nan,nan,nan
2,1,94,0.21193671226501465,nan,nan,nan,nan
2,1,95,0.23840641975402832,nan,nan,nan,nan
2,1,96,0.20691442489624023,nan,nan,nan,nan
2,1,97,0.2118086814880371,nan,nan,nan,nan
2,1,98,0.20993590354919434,nan,nan,nan,nan
2,1,99,0.2230689525604248,nan,nan,nan,nan
2,10,0,0.21397662162780762,nan,nan,nan,nan
2,10,1,0.2308356761932373,nan,nan,nan,nan
2,10,2,0.20934796333312988,nan,nan,nan,nan
2,10,3,0.21657180786132812,nan,nan,nan,nan
2,10,4,0.21379423141479492,nan,nan,nan,nan
2,10,5,0.20839452743530273,nan,nan,nan,nan
2,10,6,0.22809767723083496,nan,nan,nan,nan
2,10,7,0.21128535270690918,nan,nan,nan,nan
2,10,8,0.20731186866760254,nan,nan,nan,nan
2,10,9,0.20868849754333496,nan,nan,nan,nan
2,10,10,0.2298567295074463,nan,nan,nan,nan
2,10,11,0.20814180374145508,nan,nan,nan,nan
2,10,12,0.21185731887817383,nan,nan,nan,nan
2,10,13,0.21448922157287598,nan,nan,nan,nan
2,10,14,0.22897720336914062,nan,nan,nan,nan
2,10,15,0.21093153953552246,nan,nan,nan,nan
2,10,16,0.2090151309967041,nan,nan,nan,nan
2,10,17,0.33437156677246094,nan,nan,nan,nan
2,10,18,0.22823810577392578,nan,nan,nan,nan
2,10,19,0.20670461654663086,nan,nan,nan,nan
2,10,20,0.2094430923461914,nan,nan,nan,nan
2,10,21,0.21434926986694336,nan,nan,nan,nan
2,10,22,0.22689437866210938,nan,nan,nan,nan
2,10,23,0.24577593803405762,nan,nan,nan,nan
2,10,24,0.2898995876312256,nan,nan,nan,nan
2,10,25,0.30405664443969727,nan,nan,nan,nan
2,10,26,0.30888962745666504,nan,nan,nan,nan
2,10,27,0.2867412567138672,nan,nan,nan,nan
2,10,28,0.2931392192840576,nan,nan,nan,nan
2,10,29,0.277416467666626,nan,nan,nan,nan
2,10,30,0.31914615631103516,nan,nan,nan,nan
2,10,31,0.43906497955322266,nan,nan,nan,nan
2,10,32,0.21439695358276367,nan,nan,nan,nan
2,10,33,0.21013092994689941,nan,nan,nan,nan
2,10,34,0.21887564659118652,nan,nan,nan,nan
2,10,35,0.21261930465698242,nan,nan,nan,nan
2,10,36,0.21035099029541016,nan,nan,nan,nan
2,10,37,0.2135910987854004,nan,nan,nan,nan
2,10,38,0.21967697143554688,nan,nan,nan,nan
2,10,39,0.20821309089660645,nan,nan,nan,nan
2,10,40,0.21273350715637207,nan,nan,nan,nan
2,10,41,0.21487641334533691,nan,nan,nan,nan
2,10,42,0.2206439971923828,nan,nan,nan,nan
2,10,43,0.21007323265075684,nan,nan,nan,nan
2,10,44,0.21509385108947754,nan,nan,nan,nan
2,10,45,0.33580780029296875,nan,nan,nan,nan
2,10,46,0.2267448902130127,nan,nan,nan,nan
2,10,47,0.21310830116271973,nan,nan,nan,nan
2,10,48,0.2088453769683838,nan,nan,nan,nan
2,10,49,0.20676565170288086,nan,nan,nan,nan
2,10,50,0.22291803359985352,nan,nan,nan,nan
2,10,51,0.21465015411376953,nan,nan,nan,nan
2,10,52,0.2100381851196289,nan,nan,nan,nan
2,10,53,0.20665454864501953,nan,nan,nan,nan
2,10,54,0.22425222396850586,nan,nan,nan,nan
2,10,55,0.21386456489562988,nan,nan,nan,nan
2,10,56,0.21965336799621582,nan,nan,nan,nan
2,10,57,0.2159287929534912,nan,nan,nan,nan
2,10,58,0.22891831398010254,nan,nan,nan,nan
2,10,59,0.2100694179534912,nan,nan,nan,nan
2,10,60,0.2091350555419922,nan,nan,nan,nan
2,10,61,0.2196359634399414,nan,nan,nan,nan
2,10,62,0.20554494857788086,nan,nan,nan,nan
2,10,63,0.21027135848999023,nan,nan,nan,nan
2,10,64,0.21205830574035645,nan,nan,nan,nan
2,10,65,0.21976232528686523,nan,nan,nan,nan
2,10,66,0.20627856254577637,nan,nan,nan,nan
2,10,67,0.21442031860351562,nan,nan,nan,nan
2,10,68,0.21452641487121582,nan,nan,nan,nan
2,10,69,0.29990625381469727,nan,nan,nan,nan
2,10,70,0.2856175899505615,nan,nan,nan,nan
2,10,71,0.27329301834106445,nan,nan,nan,nan
2,10,72,0.327364444732666,nan,nan,nan,nan
2,10,73,0.2828829288482666,nan,nan,nan,nan
2,10,74,0.2673821449279785,nan,nan,nan,nan
2,10,75,0.3196377754211426,nan,nan,nan,nan
2,10,76,0.31516432762145996,nan,nan,nan,nan
2,10,77,0.23263311386108398,nan,nan,nan,nan
2,10,78,0.2205042839050293,nan,nan,nan,nan
2,10,79,0.20954203605651855,nan,nan,nan,nan
2,10,80,0.21483063697814941,nan,nan,nan,nan
2,10,81,0.21201252937316895,nan,nan,nan,nan
2,10,82,0.22260808944702148,nan,nan,nan,nan
2,10,83,0.21468019485473633,nan,nan,nan,nan
2,10,84,0.21791315078735352,nan,nan,nan,nan
2,10,85,0.2137742042541504,nan,nan,nan,nan
2,10,86,0.2206563949584961,nan,nan,nan,nan
2,10,87,0.20641851425170898,nan,nan,nan,nan
2,10,88,0.3315157890319824,nan,nan,nan,nan
2,10,89,0.2112128734588623,nan,nan,nan,nan
2,10,90,0.2161259651184082,nan,nan,nan,nan
2,10,91,0.21088290214538574,nan,nan,nan,nan
2,10,92,0.21981000900268555,nan,nan,nan,nan
2,10,93,0.23595452308654785,nan,nan,nan,nan
2,10,94,0.2304689884185791,nan,nan,nan,nan
2,10,95,0.20935630798339844,nan,nan,nan,nan
2,10,96,0.2117290496826172,nan,nan,nan,nan
2,10,97,0.23199033737182617,nan,nan,nan,nan
2,10,98,0.2153012752532959,nan,nan,nan,nan
2,10,99,0.20828747749328613,nan,nan,nan,nan
3,0.1,0,0.22580409049987793,nan,nan,nan,nan
3,0.1,1,0.2268993854522705,nan,nan,nan,nan
3,0.1,2,0.32946014404296875,nan,nan,nan,nan
3,0.1,3,0.21027803421020508,nan,nan,nan,nan
3,0.1,4,0.21358084678649902,nan,nan,nan,nan
3,0.1,5,0.2267777919769287,nan,nan,nan,nan
3,0.1,6,0.20845723152160645,nan,nan,nan,nan
3,0.1,7,0.21048831939697266,nan,nan,nan,nan
3,0.1,8,0.21502399444580078,nan,nan,nan,nan
3,0.1,9,0.22523093223571777,nan,nan,nan,nan
3,0.1,10,0.2060413360595703,nan,nan,nan,nan
3,0.1,11,0.20830869674682617,nan,nan,nan,nan
3,0.1,12,0.21332192420959473,nan,nan,nan,nan
3,0.1,13,0.2219846248626709,nan,nan,nan,nan
3,0.1,14,0.2613961696624756,nan,nan,nan,nan
3,0.1,15,0.2979433536529541,nan,nan,nan,nan
3,0.1,16,0.4411311149597168,nan,nan,nan,nan
3,0.1,17,0.29614734649658203,nan,nan,nan,nan
3,0.1,18,0.28301358222961426,nan,nan,nan,nan
3,0.1,19,0.2767302989959717,nan,nan,nan,nan
3,0.1,20,0.2818131446838379,nan,nan,nan,nan
3,0.1,21,0.3168611526489258,nan,nan,nan,nan
3,0.1,22,0.2627999782562256,nan,nan,nan,nan
3,0.1,23,0.21008563041687012,nan,nan,nan,nan
3,0.1,24,0.22083234786987305,nan,nan,nan,nan
3,0.1,25,0.23017072677612305,nan,nan,nan,nan
3,0.1,26,0.21019697189331055,nan,nan,nan,nan
3,0.1,27,0.21127104759216309,nan,nan,nan,nan
3,0.1,28,0.21420073509216309,nan,nan,nan,nan
3,0.1,29,0.2192387580871582,nan,nan,nan,nan
3,0.1,30,0.32925963401794434,nan,nan,nan,nan
3,0.1,31,0.20982003211975098,nan,nan,nan,nan
3,0.1,32,0.20805931091308594,nan,nan,nan,nan
3,0.1,33,0.22591495513916016,nan,nan,nan,nan
3,0.1,34,0.20753097534179688,nan,nan,nan,nan
3,0.1,35,0.20862579345703125,nan,nan,nan,nan
3,0.1,36,0.21547412872314453,nan,nan,nan,nan
3,0.1,37,0.22952747344970703,nan,nan,nan,nan
3,0.1,38,0.2079753875732422,nan,nan,nan,nan
3,0.1,39,0.21080803871154785,nan,nan,nan,nan
3,0.1,40,0.2112138271331787,nan,nan,nan,nan
3,0.1,41,0.22169780731201172,nan,nan,nan,nan
3,0.1,42,0.20568227767944336,nan,nan,nan,nan
3,0.1,43,0.21532344818115234,nan,nan,nan,nan
3,0.1,44,0.21178841590881348,nan,nan,nan,nan
3,0.1,45,0.21427655220031738,nan,nan,nan,nan
3,0.1,46,0.20732617378234863,nan,nan,nan,nan
3,0.1,47,0.20846796035766602,nan,nan,nan,nan
3,0.1,48,0.22210240364074707,nan,nan,nan,nan
3,0.1,49,0.21914935111999512,nan,nan,nan,nan
3,0.1,50,0.2222898006439209,nan,nan,nan,nan
3,0.1,51,0.20978403091430664,nan,nan,nan,nan
3,0.1,52,0.22097516059875488,nan,nan,nan,nan
3,0.1,53,0.21241116523742676,nan,nan,nan,nan
3,0.1,54,0.21008086204528809,nan,nan,nan,nan
3,0.1,55,0.21019792556762695,nan,nan,nan,nan
3,0.1,56,0.2295091152191162,nan,nan,nan,nan
3,0.1,57,0.21360421180725098,nan,nan,nan,nan
3,0.1,58,0.21040630340576172,nan,nan,nan,nan
3,0.1,59,0.23884010314941406,nan,nan,nan,nan
3,0.1,60,0.3050680160522461,nan,nan,nan,nan
3,0.1,61,0.28550171852111816,nan,nan,nan,nan
3,0.1,62,0.2996819019317627,nan,nan,nan,nan
3,0.1,63,0.28571343421936035,nan,nan,nan,nan
3,0.1,64,0.2883284091949463,nan,nan,nan,nan
3,0.1,65,0.27438926696777344,nan,nan,nan,nan
3,0.1,66,0.30373620986938477,nan,nan,nan,nan
3,0.1,67,0.3194279670715332,nan,nan,nan,nan
3,0.1,68,0.21593809127807617,nan,nan,nan,nan
3,0.1,69,0.22009944915771484,nan,nan,nan,nan
3,0.1,70,0.21005988121032715,nan,nan,nan,nan
3,0.1,71,0.2070627212524414,nan,nan,nan,nan
3,0.1,72,0.21666669845581055,nan,nan,nan,nan
3,0.1,73,0.3480339050292969,nan,nan,nan,nan
3,0.1,74,0.21336627006530762,nan,nan,nan,nan
3,0.1,75,0.20801925659179688,nan,nan,nan,nan
3,0.1,76,0.22269487380981445,nan,nan,nan,nan
3,0.1,77,0.21297311782836914,nan,nan,nan,nan
3,0.1,78,0.21250605583190918,nan,nan,nan,nan
3,0.1,79,0.215073823928833,nan,nan,nan,nan
3,0.1,80,0.22074127197265625,nan,nan,nan,nan
3,0.1,81,0.21332335472106934,nan,nan,nan,nan
3,0.1,82,0.21435546875,nan,nan,nan,nan
3,0.1,83,0.20764970779418945,nan,nan,nan,nan
3,0.1,84,0.22365403175354004,nan,nan,nan,nan
3,0.1,85,0.21457338333129883,nan,nan,nan,nan
3,0.1,86,0.20983386039733887,nan,nan,nan,nan
3,0.1,87,0.3324770927429199,nan,nan,nan,nan
3,0.1,88,0.21243047714233398,nan,nan,nan,nan
3,0.1,89,0.20797181129455566,nan,nan,nan,nan
3,0.1,90,0.21183204650878906,nan,nan,nan,nan
3,0.1,91,0.21345949172973633,nan,nan,nan,nan
3,0.1,92,0.2141098976135254,nan,nan,nan,nan
3,0.1,93,0.20785903930664062,nan,nan,nan,nan
3,0.1,94,0.2176663875579834,nan,nan,nan,nan
3,0.1,95,0.21578001976013184,nan,nan,nan,nan
3,0.1,96,0.21867871284484863,nan,nan,nan,nan
3,0.1,97,0.2138686180114746,nan,nan,nan,nan
3,0.1,98,0.20819950103759766,nan,nan,nan,nan
3,0.1,99,0.21350312232971191,nan,nan,nan,nan
3,1,0,0.21482634544372559,nan,nan,nan,nan
3,1,1,0.34310173988342285,nan,nan,nan,nan
3,1,2,0.21213126182556152,nan,nan,nan,nan
3,1,3,0.22732281684875488,nan,nan,nan,nan
3,1,4,0.20681285858154297,nan,nan,nan,nan
3,1,5,0.3190281391143799,nan,nan,nan,nan
3,1,6,0.2941462993621826,nan,nan,nan,nan
3,1,7,0.276796817779541,nan,nan,nan,nan
3,1,8,0.302365779876709,nan,nan,nan,nan
3,1,9,0.3054687976837158,nan,nan,nan,nan
3,1,10,0.2991068363189697,nan,nan,nan,nan
3,1,11,0.27957582473754883,nan,nan,nan,nan
3,1,12,0.31604862213134766,nan,nan,nan,nan
3,1,13,0.28105735778808594,nan,nan,nan,nan
3,1,14,0.20489168167114258,nan,nan,nan,nan
3,1,15,0.21142864227294922,nan,nan,nan,nan
3,1,16,0.21079659461975098,nan,nan,nan,nan
3,1,17,0.2107076644897461,nan,nan,nan,nan
3,1,18,0.211991548538208,nan,nan,nan,nan
3,1,19,0.22309374809265137,nan,nan,nan,nan
3,1,20,0.2120356559753418,nan,nan,nan,nan
3,1,21,0.2036902904510498,nan,nan,nan,nan
3,1,22,0.2068934440612793,nan,nan,nan,nan
3,1,23,0.20969367027282715,nan,nan,nan,nan
3,1,24,0.2137150764465332,nan,nan,nan,nan
3,1,25,0.20664119720458984,nan,nan,nan,nan
3,1,26,0.20827889442443848,nan,nan,nan,nan
3,1,27,0.20962882041931152,nan,nan,nan,nan
3,1,28,0.21582961082458496,nan,nan,nan,nan
3,1,29,0.20797085762023926,nan,nan,nan,nan
3,1,30,0.21614789962768555,nan,nan,nan,nan
3,1,31,0.22296619415283203,nan,nan,nan,nan
3,1,32,0.20563507080078125,nan,nan,nan,nan
3,1,33,0.20775961875915527,nan,nan,nan,nan
3,1,34,0.21240949630737305,nan,nan,nan,nan
3,1,35,0.2450113296508789,nan,nan,nan,nan
3,1,36,0.22859549522399902,nan,nan,nan,nan
3,1,37,0.21858000755310059,nan,nan,nan,nan
3,1,38,0.20403552055358887,nan,nan,nan,nan
3,1,39,0.22431492805480957,nan,nan,nan,nan
3,1,40,0.20875120162963867,nan,nan,nan,nan
3,1,41,0.2069404125213623,nan,nan,nan,nan
3,1,42,0.20857596397399902,nan,nan,nan,nan
3,1,43,0.22899389266967773,nan,nan,nan,nan
3,1,44,0.3354005813598633,nan,nan,nan,nan
3,1,45,0.2115168571472168,nan,nan,nan,nan
3,1,46,0.21040678024291992,nan,nan,nan,nan
3,1,47,0.21182966232299805,nan,nan,nan,nan
3,1,48,0.21166300773620605,nan,nan,nan,nan
3,1,49,0.207733154296875,nan,nan,nan,nan
3,1,50,0.20551371574401855,nan,nan,nan,nan
3,1,51,0.3043372631072998,nan,nan,nan,nan
3,1,52,0.2819631099700928,nan,nan,nan,nan
3,1,53,0.28315281867980957,nan,nan,nan,nan
3,1,54,0.2905867099761963,nan,nan,nan,nan
3,1,55,0.28127098083496094,nan,nan,nan,nan
3,1,56,0.29411888122558594,nan,nan,nan,nan
3,1,57,0.2835044860839844,nan,nan,nan,nan
3,1,58,0.46593737602233887,nan,nan,nan,nan
3,1,59,0.22353768348693848,nan,nan,nan,nan
3,1,60,0.2057204246520996,nan,nan,nan,nan
3,1,61,0.20579218864440918,nan,nan,nan,nan
3,1,62,0.20990443229675293,nan,nan,nan,nan
3,1,63,0.2203817367553711,nan,nan,nan,nan
3,1,64,0.21030116081237793,nan,nan,nan,nan
3,1,65,0.20635747909545898,nan,nan,nan,nan
3,1,66,0.21158266067504883,nan,nan,nan,nan
3,1,67,0.2217416763305664,nan,nan,nan,nan
3,1,68,0.20773959159851074,nan,nan,nan,nan
3,1,69,0.2095496654510498,nan,nan,nan,nan
3,1,70,0.2118527889251709,nan,nan,nan,nan
3,1,71,0.2175905704498291,nan,nan,nan,nan
3,1,72,0.32890892028808594,nan,nan,nan,nan
3,1,73,0.25290727615356445,nan,nan,nan,nan
3,1,74,0.30112218856811523,nan,nan,nan,nan
3,1,75,0.2768723964691162,nan,nan,nan,nan
3,1,76,0.28811049461364746,nan,nan,nan,nan
3,1,77,0.3079414367675781,nan,nan,nan,nan
3,1,78,0.2925605773925781,nan,nan,nan,nan
3,1,79,0.2705721855163574,nan,nan,nan,nan
3,1,80,0.3025627136230469,nan,nan,nan,nan
3,1,81,0.3229990005493164,nan,nan,nan,nan
3,1,82,0.2262723445892334,nan,nan,nan,nan
3,1,83,0.20286989212036133,nan,nan,nan,nan
3,1,84,0.21892166137695312,nan,nan,nan,nan
3,1,85,0.20984172821044922,nan,nan,nan,nan
3,1,86,0.21315813064575195,nan,nan,nan,nan
3,1,87,0.22501873970031738,nan,nan,nan,nan
3,1,88,0.20458602905273438,nan,nan,nan,nan
3,1,89,0.20755982398986816,nan,nan,nan,nan
3,1,90,0.21542978286743164,nan,nan,nan,nan
3,1,91,0.22692298889160156,nan,nan,nan,nan
3,1,92,0.20705676078796387,nan,nan,nan,nan
3,1,93,0.25853514671325684,nan,nan,nan,nan
3,1,94,0.2853820323944092,nan,nan,nan,nan
3,1,95,0.2915942668914795,nan,nan,nan,nan
3,1,96,0.3045163154602051,nan,nan,nan,nan
3,1,97,0.2869236469268799,nan,nan,nan,nan
3,1,98,0.2933614253997803,nan,nan,nan,nan
3,1,99,0.2648148536682129,nan,nan,nan,nan
3,10,0,0.3117508888244629,nan,nan,nan,nan
3,10,1,0.26971006393432617,nan,nan,nan,nan
3,10,2,0.20702290534973145,nan,nan,nan,nan
3,10,3,0.22312521934509277,nan,nan,nan,nan
3,10,4,0.22467350959777832,nan,nan,nan,nan
3,10,5,0.20804595947265625,nan,nan,nan,nan
3,10,6,0.23298406600952148,nan,nan,nan,nan
3,10,7,0.23844361305236816,nan,nan,nan,nan
3,10,8,0.22606134414672852,nan,nan,nan,nan
3,10,9,0.20816349983215332,nan,nan,nan,nan
3,10,10,0.21914386749267578,nan,nan,nan,nan
3,10,11,0.21423697471618652,nan,nan,nan,nan
3,10,12,0.22103190422058105,nan,nan,nan,nan
3,10,13,0.20526981353759766,nan,nan,nan,nan
3,10,14,0.2103135585784912,nan,nan,nan,nan
3,10,15,0.3450496196746826,nan,nan,nan,nan
3,10,16,0.21438860893249512,nan,nan,nan,nan
3,10,17,0.2150423526763916,nan,nan,nan,nan
3,10,18,0.20984363555908203,nan,nan,nan,nan
3,10,19,0.22452044486999512,nan,nan,nan,nan
3,10,20,0.21469545364379883,nan,nan,nan,nan
3,10,21,0.21279382705688477,nan,nan,nan,nan
3,10,22,0.20858097076416016,nan,nan,nan,nan
3,10,23,0.21955227851867676,nan,nan,nan,nan
3,10,24,0.21282529830932617,nan,nan,nan,nan
3,10,25,0.2122790813446045,nan,nan,nan,nan
3,10,26,0.2129652500152588,nan,nan,nan,nan
3,10,27,0.22009897232055664,nan,nan,nan,nan
3,10,28,0.21263980865478516,nan,nan,nan,nan
3,10,29,0.3320338726043701,nan,nan,nan,nan
3,10,30,0.20767927169799805,nan,nan,nan,nan
3,10,31,0.22832703590393066,nan,nan,nan,nan
3,10,32,0.21311569213867188,nan,nan,nan,nan
3,10,33,0.21304655075073242,nan,nan,nan,nan
3,10,34,0.20639848709106445,nan,nan,nan,nan
3,10,35,0.21803665161132812,nan,nan,nan,nan
3,10,36,0.20657086372375488,nan,nan,nan,nan
3,10,37,0.21088838577270508,nan,nan,nan,nan
3,10,38,0.2158341407775879,nan,nan,nan,nan
3,10,39,0.3183596134185791,nan,nan,nan,nan
3,10,40,0.2890045642852783,nan,nan,nan,nan
3,10,41,0.2877843379974365,nan,nan,nan,nan
3,10,42,0.31459975242614746,nan,nan,nan,nan
3,10,43,0.43347835540771484,nan,nan,nan,nan
3,10,44,0.3079640865325928,nan,nan,nan,nan
3,10,45,0.3138422966003418,nan,nan,nan,nan
3,10,46,0.31676816940307617,nan,nan,nan,nan
3,10,47,0.22027015686035156,nan,nan,nan,nan
3,10,48,0.20936036109924316,nan,nan,nan,nan
3,10,49,0.2120516300201416,nan,nan,nan,nan
3,10,50,0.21368837356567383,nan,nan,nan,nan
3,10,51,0.22322654724121094,nan,nan,nan,nan
3,10,52,0.20812320709228516,nan,nan,nan,nan
3,10,53,0.21035099029541016,nan,nan,nan,nan
3,10,54,0.213301420211792,nan,nan,nan,nan
3,10,55,0.22497868537902832,nan,nan,nan,nan
3,10,56,0.20714545249938965,nan,nan,nan,nan
3,10,57,0.20675444602966309,nan,nan,nan,nan
3,10,58,0.21174836158752441,nan,nan,nan,nan
3,10,59,0.2202286720275879,nan,nan,nan,nan
3,10,60,0.20890569686889648,nan,nan,nan,nan
3,10,61,0.21403026580810547,nan,nan,nan,nan
3,10,62,0.20681524276733398,nan,nan,nan,nan
3,10,63,0.22394871711730957,nan,nan,nan,nan
3,10,64,0.2079169750213623,nan,nan,nan,nan
3,10,65,0.20820069313049316,nan,nan,nan,nan
3,10,66,0.21326375007629395,nan,nan,nan,nan
3,10,67,0.23175477981567383,nan,nan,nan,nan
3,10,68,0.2210710048675537,nan,nan,nan,nan
3,10,69,0.20748329162597656,nan,nan,nan,nan
3,10,70,0.2099933624267578,nan,nan,nan,nan
3,10,71,0.2299332618713379,nan,nan,nan,nan
3,10,72,0.2170112133026123,nan,nan,nan,nan
3,10,73,0.2131505012512207,nan,nan,nan,nan
3,10,74,0.22016692161560059,nan,nan,nan,nan
3,10,75,0.20909643173217773,nan,nan,nan,nan
3,10,76,0.21465277671813965,nan,nan,nan,nan
3,10,77,0.20505475997924805,nan,nan,nan,nan
3,10,78,0.22920703887939453,nan,nan,nan,nan
3,10,79,0.20878982543945312,nan,nan,nan,nan
3,10,80,0.20701265335083008,nan,nan,nan,nan
3,10,81,0.21139073371887207,nan,nan,nan,nan
3,10,82,0.22601318359375,nan,nan,nan,nan
3,10,83,0.21860623359680176,nan,nan,nan,nan
3,10,84,0.2620973587036133,nan,nan,nan,nan
3,10,85,0.2952890396118164,nan,nan,nan,nan
3,10,86,0.4265482425689697,nan,nan,nan,nan
3,10,87,0.29306864738464355,nan,nan,nan,nan
3,10,88,0.30011463165283203,nan,nan,nan,nan
3,10,89,0.2866499423980713,nan,nan,nan,nan
3,10,90,0.29521846771240234,nan,nan,nan,nan
3,10,91,0.3241276741027832,nan,nan,nan,nan
3,10,92,0.2611582279205322,nan,nan,nan,nan
3,10,93,0.2078723907470703,nan,nan,nan,nan
3,10,94,0.2124781608581543,nan,nan,nan,nan
3,10,95,0.22886252403259277,nan,nan,nan,nan
3,10,96,0.21195626258850098,nan,nan,nan,nan
3,10,97,0.20815086364746094,nan,nan,nan,nan
3,10,98,0.2081291675567627,nan,nan,nan,nan
3,10,99,0.22753405570983887,nan,nan,nan,nan
4,0.1,0,0.32900452613830566,nan,nan,nan,nan
4,0.1,1,0.21310734748840332,nan,nan,nan,nan
4,0.1,2,0.2107853889465332,nan,nan,nan,nan
4,0.1,3,0.2067272663116455,nan,nan,nan,nan
4,0.1,4,0.20627307891845703,nan,nan,nan,nan
4,0.1,5,0.21899032592773438,nan,nan,nan,nan
4,0.1,6,0.2170426845550537,nan,nan,nan,nan
4,0.1,7,0.21836328506469727,nan,nan,nan,nan
4,0.1,8,0.2084369659423828,nan,nan,nan,nan
4,0.1,9,0.2100214958190918,nan,nan,nan,nan
4,0.1,10,0.22284531593322754,nan,nan,nan,nan
4,0.1,11,0.21131110191345215,nan,nan,nan,nan
4,0.1,12,0.23489046096801758,nan,nan,nan,nan
4,0.1,13,0.2094287872314453,nan,nan,nan,nan
4,0.1,14,0.3387868404388428,nan,nan,nan,nan
4,0.1,15,0.213606595993042,nan,nan,nan,nan
4,0.1,16,0.2078230381011963,nan,nan,nan,nan
4,0.1,17,0.21385955810546875,nan,nan,nan,nan
4,0.1,18,0.22348928451538086,nan,nan,nan,nan
4,0.1,19,0.2045726776123047,nan,nan,nan,nan
4,0.1,20,0.21083354949951172,nan,nan,nan,nan
4,0.1,21,0.214461088180542,nan,nan,nan,nan
4,0.1,22,0.2298738956451416,nan,nan,nan,nan
4,0.1,23,0.20799756050109863,nan,nan,nan,nan
4,0.1,24,0.20914292335510254,nan,nan,nan,nan
4,0.1,25,0.21813702583312988,nan,nan,nan,nan
4,0.1,26,0.22596120834350586,nan,nan,nan,nan
4,0.1,27,0.220167875289917,nan,nan,nan,nan
4,0.1,28,0.2096853256225586,nan,nan,nan,nan
4,0.1,29,0.2854642868041992,nan,nan,nan,nan
4,0.1,30,0.2969932556152344,nan,nan,nan,nan
4,0.1,31,0.2799255847930908,nan,nan,nan,nan
4,0.1,32,0.314896821975708,nan,nan,nan,nan
4,0.1,33,0.2938072681427002,nan,nan,nan,nan
4,0.1,34,0.28436970710754395,nan,nan,nan,nan
4,0.1,35,0.28794193267822266,nan,nan,nan,nan
4,0.1,36,0.32813453674316406,nan,nan,nan,nan
4,0.1,37,0.30990004539489746,nan,nan,nan,nan
4,0.1,38,0.22004270553588867,nan,nan,nan,nan
4,0.1,39,0.2179558277130127,nan,nan,nan,nan
4,0.1,40,0.21455907821655273,nan,nan,nan,nan
4,0.1,41,0.20847797393798828,nan,nan,nan,nan
4,0.1,42,0.2200634479522705,nan,nan,nan,nan
4,0.1,43,0.21360158920288086,nan,nan,nan,nan
4,0.1,44,0.2119913101196289,nan,nan,nan,nan
4,0.1,45,0.21471285820007324,nan,nan,nan,nan
4,0.1,46,0.212310791015625,nan,nan,nan,nan
4,0.1,47,0.20830607414245605,nan,nan,nan,nan
4,0.1,48,0.2100973129272461,nan,nan,nan,nan
4,0.1,49,0.2074737548828125,nan,nan,nan,nan
4,0.1,50,0.20719265937805176,nan,nan,nan,nan
4,0.1,51,0.2153475284576416,nan,nan,nan,nan
4,0.1,52,0.21529030799865723,nan,nan,nan,nan
4,0.1,53,0.21197795867919922,nan,nan,nan,nan
4,0.1,54,0.2088470458984375,nan,nan,nan,nan
4,0.1,55,0.2105419635772705,nan,nan,nan,nan
4,0.1,56,0.2133350372314453,nan,nan,nan,nan
4,0.1,57,0.33519649505615234,nan,nan,nan,nan
4,0.1,58,0.20960688591003418,nan,nan,nan,nan
4,0.1,59,0.2083592414855957,nan,nan,nan,nan
4,0.1,60,0.21026611328125,nan,nan,nan,nan
4,0.1,61,0.22172141075134277,nan,nan,nan,nan
4,0.1,62,0.20924162864685059,nan,nan,nan,nan
4,0.1,63,0.2143843173980713,nan,nan,nan,nan
4,0.1,64,0.21097302436828613,nan,nan,nan,nan
4,0.1,65,0.21819591522216797,nan,nan,nan,nan
4,0.1,66,0.21015715599060059,nan,nan,nan,nan
4,0.1,67,0.21554112434387207,nan,nan,nan,nan
4,0.1,68,0.20673394203186035,nan,nan,nan,nan
4,0.1,69,0.22277450561523438,nan,nan,nan,nan
4,0.1,70,0.21141934394836426,nan,nan,nan,nan
4,0.1,71,0.33502840995788574,nan,nan,nan,nan
4,0.1,72,0.20697450637817383,nan,nan,nan,nan
4,0.1,73,0.22290897369384766,nan,nan,nan,nan
4,0.1,74,0.20730042457580566,nan,nan,nan,nan
4,0.1,75,0.306898832321167,nan,nan,nan,nan
4,0.1,76,0.3000307083129883,nan,nan,nan,nan
4,0.1,77,0.2846827507019043,nan,nan,nan,nan
4,0.1,78,0.28871750831604004,nan,nan,nan,nan
4,0.1,79,0.2918839454650879,nan,nan,nan,nan
4,0.1,80,0.27319931983947754,nan,nan,nan,nan
4,0.1,81,0.2869713306427002,nan,nan,nan,nan
4,0.1,82,0.32688307762145996,nan,nan,nan,nan
4,0.1,83,0.26906871795654297,nan,nan,nan,nan
4,0.1,84,0.20900321006774902,nan,nan,nan,nan
4,0.1,85,0.34027957916259766,nan,nan,nan,nan
4,0.1,86,0.2169339656829834,nan,nan,nan,nan
4,0.1,87,0.20828723907470703,nan,nan,nan,nan
4,0.1,88,0.21006393432617188,nan,nan,nan,nan
4,0.1,89,0.2287585735321045,nan,nan,nan,nan
4,0.1,90,0.21236801147460938,nan,nan,nan,nan
4,0.1,91,0.20705270767211914,nan,nan,nan,nan
4,0.1,92,0.2107374668121338,nan,nan,nan,nan
4,0.1,93,0.22921466827392578,nan,nan,nan,nan
4,0.1,94,0.20725584030151367,nan,nan,nan,nan
4,0.1,95,0.2066023349761963,nan,nan,nan,nan
4,0.1,96,0.20979619026184082,nan,nan,nan,nan
4,0.1,97,0.22954702377319336,nan,nan,nan,nan
4,0.1,98,0.20597076416015625,nan,nan,nan,nan
4,0.1,99,0.20637130737304688,nan,nan,nan,nan
4,1,0,0.21498870849609375,nan,nan,nan,nan
4,1,1,0.21665143966674805,nan,nan,nan,nan
4,1,2,0.20535016059875488,nan,nan,nan,nan
4,1,3,0.21047472953796387,nan,nan,nan,nan
4,1,4,0.2154693603515625,nan,nan,nan,nan
4,1,5,0.2238445281982422,nan,nan,nan,nan
4,1,6,0.20579028129577637,nan,nan,nan,nan
4,1,7,0.21222877502441406,nan,nan,nan,nan
4,1,8,0.21524763107299805,nan,nan,nan,nan
4,1,9,0.22373270988464355,nan,nan,nan,nan
4,1,10,0.20497775077819824,nan,nan,nan,nan
4,1,11,0.20552802085876465,nan,nan,nan,nan
4,1,12,0.2149825096130371,nan,nan,nan,nan
4,1,13,0.2242600917816162,nan,nan,nan,nan
4,1,14,0.23188447952270508,nan,nan,nan,nan
4,1,15,0.2318129539489746,nan,nan,nan,nan
4,1,16,0.22497010231018066,nan,nan,nan,nan
4,1,17,0.2109220027923584,nan,nan,nan,nan
4,1,18,0.21639299392700195,nan,nan,nan,nan
4,1,19,0.21008729934692383,nan,nan,nan,nan
4,1,20,0.25483274459838867,nan,nan,nan,nan
4,1,21,0.28313112258911133,nan,nan,nan,nan
4,1,22,0.2806558609008789,nan,nan,nan,nan
4,1,23,0.30033326148986816,nan,nan,nan,nan
4,1,24,0.2838308811187744,nan,nan,nan,nan
4,1,25,0.28284358978271484,nan,nan,nan,nan
4,1,26,0.28164052963256836,nan,nan,nan,nan
4,1,27,0.2970588207244873,nan,nan,nan,nan
4,1,28,0.4729888439178467,nan,nan,nan,nan
4,1,29,0.22352170944213867,nan,nan,nan,nan
4,1,30,0.20795249938964844,nan,nan,nan,nan
4,1,31,0.20786714553833008,nan,nan,nan,nan
4,1,32,0.2104935646057129,nan,nan,nan,nan
4,1,33,0.22273015975952148,nan,nan,nan,nan
4,1,34,0.21011590957641602,nan,nan,nan,nan
4,1,35,0.21402335166931152,nan,nan,nan,nan
4,1,36,0.20887017250061035,nan,nan,nan,nan
4,1,37,0.22200465202331543,nan,nan,nan,nan
4,1,38,0.21183323860168457,nan,nan,nan,nan
4,1,39,0.2064838409423828,nan,nan,nan,nan
4,1,40,0.20377087593078613,nan,nan,nan,nan
4,1,41,0.2207651138305664,nan,nan,nan,nan
4,1,42,0.33129096031188965,nan,nan,nan,nan
4,1,43,0.21059346199035645,nan,nan,nan,nan
4,1,44,0.21855902671813965,nan,nan,nan,nan
4,1,45,0.20622777938842773,nan,nan,nan,nan
4,1,46,0.21897530555725098,nan,nan,nan,nan
4,1,47,0.20600390434265137,nan,nan,nan,nan
4,1,48,0.22815632820129395,nan,nan,nan,nan
4,1,49,0.2070324420928955,nan,nan,nan,nan
4,1,50,0.21164894104003906,nan,nan,nan,nan
4,1,51,0.21095061302185059,nan,nan,nan,nan
4,1,52,0.22265076637268066,nan,nan,nan,nan
4,1,53,0.21321368217468262,nan,nan,nan,nan
4,1,54,0.21055197715759277,nan,nan,nan,nan
4,1,55,0.21365594863891602,nan,nan,nan,nan
4,1,56,0.34635257720947266,nan,nan,nan,nan
4,1,57,0.2125394344329834,nan,nan,nan,nan
4,1,58,0.21323513984680176,nan,nan,nan,nan
4,1,59,0.20901036262512207,nan,nan,nan,nan
4,1,60,0.2191638946533203,nan,nan,nan,nan
4,1,61,0.2156214714050293,nan,nan,nan,nan
4,1,62,0.2107524871826172,nan,nan,nan,nan
4,1,63,0.2047104835510254,nan,nan,nan,nan
4,1,64,0.21744132041931152,nan,nan,nan,nan
4,1,65,0.21186232566833496,nan,nan,nan,nan
4,1,66,0.2606217861175537,nan,nan,nan,nan
4,1,67,0.29911112785339355,nan,nan,nan,nan
4,1,68,0.2807304859161377,nan,nan,nan,nan
4,1,69,0.29696178436279297,nan,nan,nan,nan
4,1,70,0.28147220611572266,nan,nan,nan,nan
4,1,71,0.2809937000274658,nan,nan,nan,nan
4,1,72,0.2757112979888916,nan,nan,nan,nan
4,1,73,0.3177609443664551,nan,nan,nan,nan
4,1,74,0.2642199993133545,nan,nan,nan,nan
4,1,75,0.20888781547546387,nan,nan,nan,nan
4,1,76,0.20676088333129883,nan,nan,nan,nan
4,1,77,0.22088360786437988,nan,nan,nan,nan
4,1,78,0.2171950340270996,nan,nan,nan,nan
4,1,79,0.20926189422607422,nan,nan,nan,nan
4,1,80,0.21016550064086914,nan,nan,nan,nan
4,1,81,0.22945141792297363,nan,nan,nan,nan
4,1,82,0.2136399745941162,nan,nan,nan,nan
4,1,83,0.20897173881530762,nan,nan,nan,nan
4,1,84,0.2091522216796875,nan,nan,nan,nan
4,1,85,0.20918965339660645,nan,nan,nan,nan
4,1,86,0.21332693099975586,nan,nan,nan,nan
4,1,87,0.21014928817749023,nan,nan,nan,nan
4,1,88,0.22534728050231934,nan,nan,nan,nan
4,1,89,0.20749711990356445,nan,nan,nan,nan
4,1,90,0.20737290382385254,nan,nan,nan,nan
4,1,91,0.2137165069580078,nan,nan,nan,nan
4,1,92,0.23104381561279297,nan,nan,nan,nan
4,1,93,0.2193162441253662,nan,nan,nan,nan
4,1,94,0.21037006378173828,nan,nan,nan,nan
4,1,95,0.2082047462463379,nan,nan,nan,nan
4,1,96,0.2288036346435547,nan,nan,nan,nan
4,1,97,0.21360564231872559,nan,nan,nan,nan
4,1,98,0.20783758163452148,nan,nan,nan,nan
4,1,99,0.33563661575317383,nan,nan,nan,nan
4,10,0,0.2265949249267578,nan,nan,nan,nan
4,10,1,0.20874381065368652,nan,nan,nan,nan
4,10,2,0.21079373359680176,nan,nan,nan,nan
4,10,3,0.22012567520141602,nan,nan,nan,nan
4,10,4,0.21855902671813965,nan,nan,nan,nan
4,10,5,0.20821499824523926,nan,nan,nan,nan
4,10,6,0.21426773071289062,nan,nan,nan,nan
4,10,7,0.218764066696167,nan,nan,nan,nan
4,10,8,0.21893715858459473,nan,nan,nan,nan
4,10,9,0.20873761177062988,nan,nan,nan,nan
4,10,10,0.20911073684692383,nan,nan,nan,nan
4,10,11,0.22108197212219238,nan,nan,nan,nan
4,10,12,0.30393218994140625,nan,nan,nan,nan
4,10,13,0.42734622955322266,nan,nan,nan,nan
4,10,14,0.35291194915771484,nan,nan,nan,nan
4,10,15,0.28539466857910156,nan,nan,nan,nan
4,10,16,0.2895011901855469,nan,nan,nan,nan
4,10,17,0.288954496383667,nan,nan,nan,nan
4,10,18,0.31676316261291504,nan,nan,nan,nan
4,10,19,0.3171851634979248,nan,nan,nan,nan
4,10,20,0.243757963180542,nan,nan,nan,nan
4,10,21,0.22214007377624512,nan,nan,nan,nan
4,10,22,0.20972228050231934,nan,nan,nan,nan
4,10,23,0.2099895477294922,nan,nan,nan,nan
4,10,24,0.22590184211730957,nan,nan,nan,nan
4,10,25,0.22037482261657715,nan,nan,nan,nan
4,10,26,0.21514654159545898,nan,nan,nan,nan
4,10,27,0.33815789222717285,nan,nan,nan,nan
4,10,28,0.21074461936950684,nan,nan,nan,nan
4,10,29,0.2177426815032959,nan,nan,nan,nan
4,10,30,0.20881009101867676,nan,nan,nan,nan
4,10,31,0.22626972198486328,nan,nan,nan,nan
4,10,32,0.2104635238647461,nan,nan,nan,nan
4,10,33,0.21781039237976074,nan,nan,nan,nan
4,10,34,0.2118215560913086,nan,nan,nan,nan
4,10,35,0.22404217720031738,nan,nan,nan,nan
4,10,36,0.20865297317504883,nan,nan,nan,nan
4,10,37,0.21489858627319336,nan,nan,nan,nan
4,10,38,0.21387100219726562,nan,nan,nan,nan
4,10,39,0.22702980041503906,nan,nan,nan,nan
4,10,40,0.2114732265472412,nan,nan,nan,nan
4,10,41,0.33052539825439453,nan,nan,nan,nan
4,10,42,0.20964360237121582,nan,nan,nan,nan
4,10,43,0.22400856018066406,nan,nan,nan,nan
4,10,44,0.21064519882202148,nan,nan,nan,nan
4,10,45,0.21259713172912598,nan,nan,nan,nan
4,10,46,0.20712041854858398,nan,nan,nan,nan
4,10,47,0.22521328926086426,nan,nan,nan,nan
4,10,48,0.21594452857971191,nan,nan,nan,nan
4,10,49,0.21268796920776367,nan,nan,nan,nan
4,10,50,0.20723199844360352,nan,nan,nan,nan
4,10,51,0.22100043296813965,nan,nan,nan,nan
4,10,52,0.22572636604309082,nan,nan,nan,nan
4,10,53,0.2089674472808838,nan,nan,nan,nan
4,10,54,0.20708489418029785,nan,nan,nan,nan
4,10,55,0.22932910919189453,nan,nan,nan,nan
4,10,56,0.23618578910827637,nan,nan,nan,nan
4,10,57,0.2903456687927246,nan,nan,nan,nan
4,10,58,0.2964181900024414,nan,nan,nan,nan
4,10,59,0.2900421619415283,nan,nan,nan,nan
4,10,60,0.2841980457305908,nan,nan,nan,nan
4,10,61,0.3116028308868408,nan,nan,nan,nan
4,10,62,0.27090024948120117,nan,nan,nan,nan
4,10,63,0.298504114151001,nan,nan,nan,nan
4,10,64,0.322857141494751,nan,nan,nan,nan
4,10,65,0.23244476318359375,nan,nan,nan,nan
4,10,66,0.21545171737670898,nan,nan,nan,nan
4,10,67,0.21999502182006836,nan,nan,nan,nan
4,10,68,0.20865893363952637,nan,nan,nan,nan
4,10,69,0.21346092224121094,nan,nan,nan,nan
4,10,70,0.21571969985961914,nan,nan,nan,nan
4,10,71,0.2230515480041504,nan,nan,nan,nan
4,10,72,0.21111178398132324,nan,nan,nan,nan
4,10,73,0.21112346649169922,nan,nan,nan,nan
4,10,74,0.20982575416564941,nan,nan,nan,nan
4,10,75,0.2181704044342041,nan,nan,nan,nan
4,10,76,0.20421242713928223,nan,nan,nan,nan
4,10,77,0.21080374717712402,nan,nan,nan,nan
4,10,78,0.2139122486114502,nan,nan,nan,nan
4,10,79,0.2214055061340332,nan,nan,nan,nan
4,10,80,0.2047264575958252,nan,nan,nan,nan
4,10,81,0.21081185340881348,nan,nan,nan,nan
4,10,82,0.2125225067138672,nan,nan,nan,nan
4,10,83,0.22173476219177246,nan,nan,nan,nan
4,10,84,0.3244962692260742,nan,nan,nan,nan
4,10,85,0.21287178993225098,nan,nan,nan,nan
4,10,86,0.20936036109924316,nan,nan,nan,nan
4,10,87,0.21425843238830566,nan,nan,nan,nan
4,10,88,0.20925521850585938,nan,nan,nan,nan
4,10,89,0.21001434326171875,nan,nan,nan,nan
4,10,90,0.22222614288330078,nan,nan,nan,nan
4,10,91,0.21551108360290527,nan,nan,nan,nan
4,10,92,0.21351313591003418,nan,nan,nan,nan
4,10,93,0.20903611183166504,nan,nan,nan,nan
4,10,94,0.20875859260559082,nan,nan,nan,nan
4,10,95,0.2107377052307129,nan,nan,nan,nan
4,10,96,0.21743369102478027,nan,nan,nan,nan
4,10,97,0.21058392524719238,nan,nan,nan,nan
4,10,98,0.3413670063018799,nan,nan,nan,nan
4,10,99,0.2058863639831543,nan,nan,nan,nan
